"","Kilometeres","Fuel_Type","Doors","Automatic","HorsePower","MetallicCol","CC","Wt","SellingPrice","Age"
"1",46986,"Diesel",3,0,90,1,2000,1165,13500,23
"7",94612,"Diesel",3,0,90,1,2000,1245,16900,27
"9",19700,"Petrol",3,0,192,0,1800,1185,21500,27
"12",43610,"Petrol",3,0,192,0,1800,1185,19950,22
"15",34131,"Petrol",3,0,192,1,1800,1185,22500,32
"17",34000,"Petrol",3,0,192,1,1800,1185,22750,30
"18",21716,"Petrol",3,0,110,1,1600,1105,17950,24
"19",25563,"Petrol",3,0,110,0,1600,1065,16750,24
"21",67660,"Petrol",3,0,110,1,1600,1105,15950,30
"22",43905,"Petrol",3,1,110,0,1600,1170,16950,29
"23",56349,"Petrol",3,0,110,1,1600,1120,15950,28
"24",32220,"Petrol",3,0,110,1,1600,1120,16950,28
"25",25813,"Petrol",3,0,110,1,1600,1120,16250,29
"27",34545,"Petrol",3,0,110,1,1600,1120,17495,27
"28",41415,"Petrol",3,0,110,1,1600,1120,15750,29
"29",44142,"Petrol",3,0,110,0,1600,1120,16950,28
"31",9750,"Petrol",3,0,97,1,1400,1100,12950,29
"32",35199,"Petrol",3,0,97,1,1400,1100,15750,22
"36",43000,"Petrol",3,0,97,0,1400,1100,15750,26
"37",25000,"Petrol",3,0,97,0,1400,1100,15950,25
"38",10000,"Petrol",3,0,97,1,1400,1100,14950,23
"39",25329,"Petrol",3,0,97,1,1400,1100,15750,32
"40",27500,"Petrol",3,0,97,0,1400,1100,14750,27
"41",49059,"Petrol",3,0,97,0,1400,1100,13950,22
"43",46961,"Petrol",3,0,97,0,1400,1100,13950,22
"44",110404,"Diesel",5,0,90,0,2000,1255,16950,27
"45",100250,"Diesel",5,0,90,0,2000,1255,16950,22
"48",75048,"Petrol",5,0,97,1,1400,1110,15800,22
"51",62636,"Diesel",5,0,90,1,2000,1255,17950,22
"52",57086,"Petrol",5,0,97,1,1400,1110,15750,30
"53",56000,"Petrol",5,1,110,1,1600,1180,20500,26
"54",49866,"Petrol",5,0,192,1,1800,1195,21950,27
"57",43210,"Petrol",5,0,97,0,1400,1110,15250,28
"58",43000,"Petrol",5,0,97,0,1400,1110,15250,26
"60",38950,"Petrol",5,0,110,1,1600,1130,15999,30
"62",37177,"Petrol",5,0,110,0,1600,1130,16500,27
"63",36544,"Petrol",5,0,110,1,1600,1130,18750,31
"64",33511,"Petrol",5,0,110,1,1600,1130,17950,30
"66",32181,"Petrol",5,0,110,1,1600,1075,16950,26
"67",30993,"Petrol",5,0,110,1,1600,1130,18950,28
"68",30400,"Petrol",5,0,97,1,1400,1110,14950,22
"70",29719,"Petrol",5,0,97,1,1400,1110,15950,25
"75",28000,"Petrol",5,0,110,0,1600,1130,19950,28
"77",25266,"Petrol",5,0,110,1,1600,1130,18750,31
"79",22575,"Petrol",5,0,110,1,1600,1115,16895,29
"80",22000,"Petrol",5,0,97,1,1400,1110,14900,30
"81",20019,"Petrol",5,1,110,1,1600,1180,18950,25
"82",20000,"Petrol",5,0,110,1,1600,1115,17250,29
"83",17003,"Petrol",5,0,97,1,1400,1110,15450,25
"84",16238,"Petrol",5,1,110,1,1600,1180,17950,31
"85",15414,"Petrol",5,0,97,1,1400,1110,16650,25
"87",7000,"Petrol",5,0,97,1,1400,1100,14900,30
"88",66966,"Diesel",3,0,90,1,2000,1245,17950,20
"89",51884,"Petrol",3,0,97,1,1400,1100,15950,19
"90",50005,"Diesel",3,0,110,1,2000,1265,21950,19
"91",48110,"Petrol",3,0,97,1,1400,1100,16450,20
"92",37500,"Diesel",3,0,90,1,2000,1260,22250,20
"93",34472,"Diesel",3,0,90,1,1995,1260,19950,16
"94",33329,"Petrol",3,0,97,1,1400,1100,15950,20
"95",31850,"Petrol",3,0,110,0,1600,1120,18900,20
"96",30351,"Diesel",3,0,90,1,1995,1260,19950,17
"97",29435,"Petrol",3,0,97,1,1400,1100,15950,19
"98",25948,"Petrol",3,0,97,1,1400,1100,15950,19
"99",24500,"Petrol",3,0,110,1,1600,1120,18750,11
"100",23902,"Petrol",3,0,97,1,1400,1100,17450,18
"101",23175,"Petrol",3,0,110,1,1600,1120,18990,20
"102",19200,"Petrol",3,0,97,1,1400,1100,16250,19
"103",18000,"Petrol",3,0,71,0,1400,1125,18500,13
"104",16123,"Petrol",3,0,110,1,1600,1105,18500,11
"105",14635,"Petrol",3,1,110,1,1600,1155,19450,11
"109",7187,"Petrol",3,0,110,1,1600,1105,17950,20
"110",1,"Diesel",5,0,116,0,2000,1480,32500,4
"111",4000,"Diesel",5,0,116,1,2000,1480,31000,4
"112",1500,"Diesel",5,0,116,1,2000,1480,31275,4
"114",13253,"Diesel",5,0,116,1,2000,1320,24950,8
"116",6000,"Diesel",5,0,90,1,2000,1280,24990,8
"118",1,"Petrol",3,0,110,1,1600,1105,17900,7
"119",63000,"Diesel",5,0,90,1,2000,1255,19250,20
"120",57313,"Diesel",5,0,110,1,2000,1275,22250,17
"121",57037,"Petrol",5,0,110,0,1600,1115,18950,13
"122",51099,"Diesel",5,0,90,1,2000,1255,19950,19
"123",40010,"Petrol",5,0,110,1,1600,1115,16350,14
"124",39115,"Petrol",5,0,110,1,1600,1130,18950,20
"125",36012,"Petrol",5,0,110,0,1600,1130,16950,17
"126",36000,"Petrol",5,0,110,1,1600,1130,21750,16
"128",35000,"Petrol",5,0,97,1,1400,1110,16500,20
"129",33740,"Petrol",5,0,97,1,1400,1135,17950,17
"131",32627,"Petrol",5,0,97,1,1400,1110,16250,20
"132",29797,"Petrol",5,0,97,1,1400,1110,15950,20
"133",29441,"Petrol",5,0,97,1,1400,1110,16250,19
"134",29371,"Petrol",4,0,110,1,1600,1105,15950,13
"135",29000,"Petrol",5,0,97,0,1400,1110,16500,20
"139",25000,"Diesel",5,0,116,1,2000,1320,23000,11
"141",22588,"Petrol",5,0,97,1,1400,1110,16450,20
"142",21684,"Petrol",5,0,192,1,1800,1185,23950,19
"143",21428,"Petrol",5,0,110,1,1600,1130,19950,13
"144",20629,"Petrol",4,0,110,1,1600,1090,18500,16
"145",20270,"Petrol",5,0,110,1,1600,1130,18950,15
"146",20105,"Petrol",5,0,97,0,1400,1110,16450,16
"147",20000,"Petrol",5,1,110,0,1600,1165,20500,20
"148",19988,"Petrol",5,0,110,1,1600,1130,24500,13
"149",18328,"Petrol",5,0,110,0,1600,1130,19450,19
"150",17896,"Petrol",4,1,110,1,1600,1150,20950,14
"153",13747,"Petrol",5,0,97,1,1400,1110,18450,10
"156",13157,"Petrol",4,0,97,1,1400,1085,16868,15
"158",12500,"Petrol",5,0,110,1,1600,1115,18900,11
"159",11999,"Petrol",5,0,110,1,1600,1130,19750,17
"160",11754,"Petrol",5,1,110,0,1600,1180,19750,16
"162",10000,"Petrol",5,0,110,0,1598,1105,20750,17
"166",6000,"Petrol",5,0,110,0,1600,1130,19950,14
"169",5000,"Petrol",5,0,110,1,1600,1130,20500,12
"172",11000,"Petrol",5,0,110,1,1600,1130,23750,8
"174",10000,"Petrol",5,0,97,1,1400,1110,18950,8
"175",9788,"Petrol",5,0,110,1,1600,1130,21950,8
"177",7000,"Petrol",5,0,110,0,1600,1115,18950,8
"180",3000,"Petrol",5,0,110,0,1600,1130,22500,6
"183",225,"Petrol",5,0,97,1,1400,1110,21125,2
"184",15,"Petrol",5,0,110,1,1600,1130,21500,2
"186",1,"Petrol",5,0,110,1,1600,1075,18245,1
"187",243000,"Diesel",3,0,69,0,1900,1110,6950,43
"188",180638,"Diesel",4,0,90,0,2000,1160,9500,38
"190",178858,"CNG",3,0,110,0,1600,1084,7750,43
"191",161000,"Diesel",3,0,69,1,1900,1105,11950,40
"193",131273,"Diesel",5,0,69,1,1800,1110,4750,44
"194",130062,"Diesel",5,0,69,1,1900,1140,11750,40
"196",118217,"Petrol",5,0,110,1,1600,1075,11950,37
"197",110000,"Diesel",5,0,69,1,1900,1095,11900,44
"199",105699,"Petrol",3,0,97,1,1400,1025,9950,42
"200",98823,"CNG",5,0,110,1,1600,1119,11950,39
"202",96518,"Petrol",3,0,97,1,1400,1025,11250,40
"203",92204,"Petrol",5,0,110,1,1600,1075,10500,42
"204",91456,"Diesel",3,0,69,1,1900,1110,10450,35
"205",89968,"Diesel",5,0,69,1,1900,1140,12950,43
"208",85017,"Petrol",5,0,97,0,1400,1060,10950,43
"213",78677,"Petrol",5,1,110,1,1600,1105,11790,34
"214",78425,"Petrol",5,0,110,1,1600,1075,11450,40
"215",78108,"Diesel",3,0,90,1,2000,1170,13500,33
"216",77321,"Petrol",5,0,110,1,1600,1075,10950,33
"217",75699,"Diesel",3,0,69,0,1900,1105,13500,33
"218",75697,"Petrol",3,0,97,1,1400,1025,10950,41
"219",74846,"Petrol",3,0,97,1,1400,1025,10950,44
"220",74319,"Petrol",5,0,110,1,1600,1075,12950,38
"221",74285,"Petrol",5,0,110,1,1600,1075,11950,43
"222",74172,"Petrol",5,0,110,1,1600,1615,12450,44
"223",73042,"Petrol",5,0,110,1,1598,1075,11950,40
"226",67805,"Petrol",5,0,110,1,1600,1075,12950,38
"228",65345,"Petrol",5,0,97,1,1400,1060,11690,34
"229",64564,"Petrol",5,0,110,1,1600,1080,12450,42
"230",63459,"Petrol",5,0,97,1,1400,1060,12750,36
"231",63451,"Petrol",3,0,97,0,1400,1025,11925,44
"233",61300,"Petrol",3,0,97,1,1400,1030,11950,42
"234",61200,"Petrol",3,0,110,1,1600,1045,12900,41
"235",61000,"Petrol",5,0,110,0,1600,1075,11900,41
"238",59500,"Diesel",3,0,69,1,1900,1110,13950,35
"239",59000,"Petrol",5,1,110,0,1600,1110,13950,44
"241",58798,"Petrol",5,0,110,1,1600,1075,10950,38
"243",58277,"Petrol",3,0,110,1,1600,1045,11950,43
"244",57711,"Diesel",3,0,90,1,2000,1165,13500,33
"247",55968,"Petrol",3,0,110,0,1600,1050,11950,42
"248",55678,"Petrol",4,0,110,1,1600,1030,12900,39
"249",55539,"Petrol",5,0,110,1,1600,1085,13500,43
"251",55350,"Petrol",5,0,110,0,1600,1075,11750,33
"252",54600,"Petrol",4,0,110,0,1600,1030,10850,43
"253",53773,"Petrol",5,0,110,1,1600,1075,11750,43
"254",53719,"Petrol",5,1,110,1,1600,1105,14950,42
"255",53644,"Petrol",5,0,110,1,1600,1075,9940,39
"256",53350,"Petrol",5,0,110,0,1600,1075,12900,42
"257",53000,"Petrol",5,0,110,1,1600,1075,13500,38
"261",51732,"Petrol",3,0,97,1,1400,1025,11950,41
"262",50873,"Petrol",5,0,110,1,1600,1075,12495,39
"263",50856,"Petrol",4,0,110,0,1600,1030,13500,41
"264",50640,"Petrol",5,0,110,1,1600,1075,12750,40
"265",50000,"Petrol",5,0,97,1,1400,1060,12000,39
"266",49500,"Petrol",5,0,110,1,1600,1075,11950,38
"267",49332,"Petrol",5,0,110,1,1600,1080,12495,44
"272",48197,"Petrol",5,0,110,1,1600,1075,12950,38
"275",48000,"Petrol",5,0,110,1,1600,1075,13500,43
"278",46694,"Petrol",3,0,110,0,1600,1040,11495,39
"279",46515,"Petrol",5,0,97,0,1400,1025,12750,43
"281",46304,"Petrol",5,0,97,1,1400,1060,12950,35
"282",45886,"Petrol",5,0,110,1,1600,1080,12950,40
"288",44757,"Petrol",3,0,97,0,1400,1025,9950,37
"289",44218,"Petrol",5,0,97,1,1400,1060,11895,44
"293",43000,"Petrol",3,0,110,0,1600,1050,10500,35
"294",42823,"Petrol",5,0,110,1,1600,1075,12295,33
"295",42560,"Petrol",5,0,110,1,1600,1080,13950,42
"296",41754,"Petrol",3,0,110,0,1600,1040,10950,38
"297",41499,"CNG",5,0,110,1,1600,1103,12950,44
"298",41339,"Petrol",5,0,110,1,1600,1080,12850,40
"299",41000,"Petrol",5,0,110,1,1600,1075,13995,35
"300",40000,"Petrol",3,0,110,1,1600,1055,13750,39
"301",39757,"Petrol",5,0,110,1,1600,1075,12750,37
"302",39659,"Petrol",3,0,110,1,1600,1045,12500,41
"303",39650,"Petrol",3,0,110,0,1600,1055,13950,43
"304",39524,"Petrol",3,0,97,1,1398,1025,11500,39
"305",39516,"Petrol",5,0,97,1,1400,1060,13950,44
"307",39000,"Petrol",3,0,97,1,1400,1025,9950,44
"309",38812,"Petrol",3,0,97,0,1400,1025,11450,37
"310",38665,"Petrol",5,0,110,1,1600,1075,12450,42
"312",38461,"Petrol",5,0,110,1,1600,1080,13995,44
"313",38078,"Petrol",3,0,97,0,1400,1025,11750,42
"314",37782,"Petrol",5,0,97,1,1400,1060,11650,39
"315",37576,"Petrol",3,0,97,0,1400,1030,9950,43
"316",37533,"Petrol",5,0,110,1,1600,1075,13950,41
"317",37389,"Petrol",5,0,110,1,1600,1080,12950,44
"318",37320,"Petrol",3,0,97,1,1400,1025,10950,38
"319",37000,"Petrol",3,0,97,1,1400,1025,9900,42
"320",37000,"Petrol",4,0,110,0,1600,1075,11950,44
"323",36074,"Petrol",5,1,110,1,1600,1075,13950,37
"324",36066,"Petrol",3,0,110,1,1600,1040,11250,44
"325",34599,"Petrol",5,0,110,1,1600,1075,12950,39
"326",34000,"Petrol",5,0,110,1,1600,1075,11950,41
"327",33623,"Petrol",3,0,97,1,1400,1025,10950,42
"328",33591,"Petrol",5,0,110,1,1600,1075,12950,33
"329",33258,"Petrol",5,0,110,1,1600,1075,12950,35
"330",33113,"Petrol",5,0,110,1,1600,1075,11695,43
"331",33000,"Petrol",5,1,110,1,1600,1075,11000,41
"334",32532,"Petrol",3,0,110,1,1600,1040,11750,40
"335",32431,"Petrol",5,0,97,1,1400,1060,12400,34
"336",32000,"Petrol",3,0,110,0,1600,1040,12500,35
"338",30989,"Petrol",3,0,110,0,1600,1045,12200,41
"339",30742,"Petrol",3,0,110,1,1600,1040,12750,43
"340",30190,"Petrol",5,0,110,1,1600,1075,11950,42
"341",29716,"Petrol",5,0,116,1,1600,1075,11900,41
"342",29716,"Petrol",3,1,110,1,1600,1070,11950,44
"344",29056,"Petrol",5,0,97,1,1400,1060,11950,41
"346",28571,"Petrol",5,0,110,0,1600,1090,14950,41
"349",27301,"Petrol",3,0,110,1,1600,1040,12950,43
"352",27141,"Petrol",5,0,97,1,1400,1060,9950,42
"353",26262,"Petrol",5,0,110,1,1600,1075,12450,38
"354",26000,"Petrol",5,0,97,1,1400,1060,12500,38
"356",25062,"Petrol",5,0,110,1,1600,1080,13750,39
"357",24723,"Petrol",4,1,110,1,1600,1060,12695,39
"359",24553,"Petrol",5,0,110,1,1600,1080,12750,43
"360",24475,"Petrol",5,0,110,1,1600,1030,14350,41
"365",22865,"Petrol",5,0,110,1,1600,1075,12900,38
"369",21500,"Petrol",5,0,110,1,1600,1030,11450,37
"372",18000,"Petrol",5,0,110,1,1600,1075,13995,35
"373",17051,"Petrol",5,0,97,0,1400,1060,11950,40
"376",16000,"Petrol",5,0,97,1,1400,1060,11750,38
"377",12000,"Petrol",5,0,110,1,1600,1075,11500,39
"379",216000,"Diesel",3,0,69,0,1900,1110,6500,53
"381",176000,"Diesel",3,0,69,0,1900,1105,7000,53
"382",174139,"Diesel",4,0,72,1,2000,1100,7750,54
"384",150000,"CNG",3,0,110,1,1600,1075,8500,55
"386",146736,"Petrol",5,0,110,1,1600,1080,9900,51
"388",142130,"CNG",5,0,110,0,1600,1119,9250,48
"390",138394,"Diesel",4,0,69,1,1900,1095,9450,54
"391",137000,"Diesel",5,0,72,1,2000,1135,7750,55
"392",135258,"Diesel",5,0,69,1,1900,1140,8250,52
"393",131364,"Petrol",5,0,110,1,1600,1075,9950,49
"394",129155,"Diesel",5,0,69,0,1800,1110,4450,56
"395",126110,"Petrol",3,0,110,0,1600,1055,9950,50
"397",117913,"Diesel",5,0,69,1,1900,1110,9950,53
"398",117430,"Diesel",3,0,90,1,2000,1165,12450,47
"399",117175,"Petrol",4,0,110,1,1600,1035,10500,55
"400",115558,"Petrol",4,0,110,1,1600,1035,10750,54
"401",115113,"Petrol",3,0,97,1,1400,1025,8950,53
"402",115046,"Diesel",5,0,69,1,1900,1140,10500,54
"404",107859,"Petrol",5,0,97,0,1400,1060,10950,49
"405",104805,"Petrol",3,0,97,1,1400,1025,9450,52
"406",103454,"Petrol",5,0,110,1,1600,1075,9950,54
"408",102352,"Petrol",5,0,110,1,1600,1080,11900,47
"409",102030,"Petrol",5,0,97,1,1400,1060,9950,50
"410",101352,"Petrol",5,0,110,0,1600,1080,11950,54
"411",99865,"Petrol",4,0,110,1,1600,1035,7900,50
"412",99323,"Petrol",3,0,110,1,1600,1055,10950,52
"413",98100,"Diesel",5,0,69,1,1900,1140,8950,48
"417",96135,"Diesel",3,0,72,0,2000,1115,9950,51
"418",96100,"Petrol",5,0,110,1,1600,1080,10950,54
"419",94401,"Diesel",3,0,72,0,2000,1115,8950,55
"420",94122,"Petrol",3,0,86,1,1300,1015,8950,55
"423",90097,"Diesel",5,0,69,1,1900,1140,9250,53
"424",89049,"Petrol",5,0,97,1,1400,1060,11500,48
"426",87274,"Petrol",3,0,110,1,1600,1040,9950,45
"427",86221,"Petrol",3,0,110,0,1600,1045,11450,49
"429",83567,"Petrol",5,0,110,0,1600,1075,10500,50
"430",83106,"Petrol",5,0,110,1,1600,1075,12950,50
"431",82805,"Petrol",3,0,110,1,1600,1040,12200,50
"432",82735,"Petrol",3,0,97,1,1400,1030,10950,50
"433",81905,"Petrol",5,0,110,1,1600,1105,10950,54
"434",80320,"Petrol",3,1,110,1,1600,1070,11290,49
"435",80090,"Petrol",3,0,97,1,1400,1030,10750,49
"436",79800,"Petrol",5,0,110,0,1600,1075,10895,53
"439",77780,"Petrol",3,0,110,0,1600,1040,10250,55
"440",77648,"Petrol",4,0,110,0,1600,1030,12500,49
"442",76167,"Petrol",5,0,97,1,1400,1060,10750,50
"444",75231,"Petrol",5,0,110,1,1600,1080,11950,54
"445",75045,"Petrol",3,0,110,1,1600,1055,11750,48
"447",74715,"Petrol",5,0,110,1,1600,1080,11950,55
"448",74656,"Diesel",3,0,69,0,1900,1105,10995,49
"449",74500,"Petrol",3,0,97,0,1400,1025,11450,56
"450",74494,"Petrol",5,0,110,1,1600,1075,8900,49
"451",73634,"Petrol",5,0,110,0,1587,1075,10500,50
"452",73403,"Petrol",5,0,110,1,1600,1075,11750,47
"454",73000,"Petrol",3,0,110,0,1600,1055,12000,52
"455",72242,"Petrol",3,1,110,0,1600,1070,11950,50
"456",72000,"Petrol",3,0,97,1,1400,1025,9850,53
"459",70440,"Diesel",3,0,69,1,1900,1105,8695,50
"460",70239,"Petrol",3,0,110,0,1600,1040,10990,53
"462",69659,"Petrol",3,0,86,0,1300,1025,11950,49
"464",69000,"Diesel",5,0,69,1,1900,1140,8750,47
"467",68414,"Petrol",3,0,97,0,1400,1025,9950,46
"469",66527,"Petrol",5,0,110,1,1600,1080,13950,52
"471",65471,"Petrol",5,0,97,1,1400,1060,10900,50
"472",65400,"Petrol",3,0,97,1,1400,1025,9750,56
"475",64193,"Petrol",3,0,110,1,1600,1040,10450,48
"477",63792,"Petrol",5,0,110,1,1600,1075,10250,54
"478",63635,"Petrol",4,0,110,1,1600,1035,9930,53
"479",63135,"Petrol",3,0,110,1,1600,1050,10500,54
"480",63123,"Petrol",4,0,110,1,1600,1035,11950,54
"481",63000,"Diesel",5,0,69,1,1900,1140,11500,48
"482",63000,"Petrol",4,0,110,0,1600,1035,11500,55
"483",62987,"Petrol",5,0,110,0,1600,1080,11450,54
"484",62751,"Petrol",3,0,110,0,1600,1050,9900,56
"485",62519,"Petrol",3,0,97,0,1400,1025,9500,54
"487",61672,"Petrol",5,0,110,0,1600,1075,10750,50
"489",61000,"Petrol",3,0,110,1,1600,1050,12000,56
"493",59000,"Petrol",3,0,97,1,1400,1025,9799,51
"494",58761,"Petrol",5,0,97,0,1300,1060,11750,51
"495",58745,"Petrol",4,0,110,1,1600,1035,11950,54
"498",58377,"Petrol",3,0,110,1,1600,1050,10950,55
"499",58142,"Petrol",5,0,110,1,1600,1080,11250,56
"501",57645,"Petrol",5,0,110,0,1600,1080,9700,51
"502",57500,"Petrol",4,0,110,1,1600,1105,11950,47
"503",57475,"Petrol",3,0,110,0,1600,1040,9900,53
"504",56743,"Petrol",3,0,110,0,1600,1045,9990,55
"506",55877,"Petrol",5,0,110,1,1600,1075,11500,54
"507",55500,"Petrol",4,0,110,1,1600,1035,11950,53
"508",54900,"Petrol",5,0,97,1,1400,1060,11500,55
"509",54465,"Petrol",5,0,110,0,1600,1075,10500,50
"510",53700,"Petrol",5,0,97,1,1400,1060,10900,46
"512",53408,"Petrol",5,0,110,1,1600,1080,11900,51
"513",53268,"Petrol",5,0,110,1,1600,1080,13950,51
"514",53116,"Petrol",3,0,97,1,1400,1025,10950,49
"518",52000,"Petrol",3,0,97,0,1400,1025,10000,56
"520",50400,"Petrol",5,0,110,0,1600,1080,11450,50
"521",50000,"Petrol",3,0,97,1,1400,1025,9400,54
"524",49568,"Petrol",3,0,110,1,1600,1105,18950,49
"525",49473,"Petrol",3,0,110,0,1600,1055,11450,51
"528",49366,"Petrol",3,0,97,1,1400,1025,9950,54
"529",48731,"Petrol",3,0,110,1,1600,1055,10500,56
"531",48071,"Petrol",3,0,97,0,1400,1025,9950,48
"532",47852,"Petrol",4,0,110,1,1600,1030,10250,54
"533",47768,"Petrol",3,0,110,0,1600,1055,10850,54
"534",47689,"Petrol",5,0,110,0,1600,1075,11895,52
"536",47219,"Petrol",5,0,110,1,1600,1080,11950,50
"537",47211,"Petrol",5,0,110,1,1600,1070,10750,56
"538",46856,"Petrol",5,0,97,0,1400,1060,9550,54
"539",46500,"Petrol",5,0,86,0,1300,1035,10950,56
"540",46449,"Petrol",4,0,110,1,1600,1035,11750,52
"541",46391,"Petrol",5,0,110,0,1600,1075,10950,47
"542",46230,"Petrol",3,0,110,1,1600,1055,12450,54
"543",46029,"Petrol",4,0,110,1,1600,1030,10500,52
"544",46000,"Petrol",3,0,97,0,1400,1025,10900,50
"545",45900,"Petrol",5,0,110,1,1600,1075,12950,50
"546",45850,"Petrol",5,0,97,0,1400,1060,10950,47
"547",45336,"Petrol",5,0,110,1,1600,1080,12500,56
"548",44537,"Petrol",3,0,97,0,1400,1025,9950,55
"549",43700,"Petrol",3,0,86,1,1300,1025,10750,56
"550",43120,"Petrol",3,0,97,1,1400,1030,12500,48
"551",41710,"Petrol",3,0,110,0,1600,1040,10450,49
"552",41700,"Petrol",3,0,97,1,1400,1025,10750,52
"553",41636,"Petrol",5,0,110,1,1600,1105,12950,49
"555",40836,"Petrol",3,1,110,0,1600,1075,11950,49
"559",40000,"Petrol",5,0,110,0,1600,1080,11000,47
"560",39706,"Petrol",5,0,110,1,1600,1080,13500,50
"561",39291,"Petrol",3,0,110,1,1600,1040,10950,54
"562",39000,"Petrol",3,0,97,0,1400,1025,10750,54
"563",38900,"Petrol",3,0,97,1,1400,1025,8950,47
"565",37461,"Petrol",3,0,97,0,1400,1025,9750,56
"566",37000,"Petrol",3,0,97,1,1400,1025,10900,54
"567",36406,"Petrol",4,0,110,1,1600,1035,10995,55
"568",36005,"Petrol",5,0,97,1,1400,1065,10750,48
"569",36000,"Petrol",5,0,110,1,1600,1075,10950,52
"572",35823,"Petrol",5,0,110,0,1600,1075,11500,52
"573",35230,"Petrol",3,0,97,0,1400,1025,10950,56
"575",34890,"Petrol",3,0,97,0,1400,1025,9980,49
"578",33998,"Petrol",5,0,110,0,1600,1080,11950,56
"582",31579,"Petrol",3,0,97,0,1400,1025,10500,52
"587",29650,"Petrol",3,0,86,0,1300,1025,9950,55
"588",29500,"Petrol",3,0,110,1,1600,1055,12900,52
"589",28656,"Petrol",3,0,97,0,1400,1085,9950,48
"590",27500,"Petrol",3,0,97,1,1400,1025,9950,55
"591",26938,"Petrol",3,0,110,1,1600,1040,10950,48
"592",26624,"Petrol",5,0,97,0,1400,1060,10950,53
"593",26221,"Petrol",3,0,97,1,1400,1025,9950,47
"595",22500,"Petrol",3,0,97,1,1400,1025,10800,50
"596",19313,"Petrol",3,0,97,0,1400,1025,10500,56
"597",17619,"Petrol",4,0,110,0,1600,1030,10450,50
"599",15000,"Petrol",3,0,97,1,1400,1025,10450,48
"600",10210,"Petrol",5,0,97,0,1400,1065,12950,50
"602",1,"Diesel",3,0,90,1,2000,1260,7500,50
"605",204250,"Diesel",3,0,72,0,2000,1115,7900,68
"606",194545,"Petrol",4,0,86,0,1300,1000,5950,68
"607",190900,"Diesel",3,0,72,1,2000,1115,7500,59
"608",183500,"Diesel",5,0,72,1,2000,1140,7500,62
"609",176184,"Diesel",3,0,72,1,2000,1115,6900,65
"612",155500,"Petrol",5,0,110,1,1600,1050,7950,67
"613",154783,"Diesel",3,0,72,1,2000,1120,7750,59
"614",154462,"Diesel",5,0,72,1,2000,1135,7950,64
"615",150585,"Petrol",3,0,110,1,1600,1065,8250,64
"616",149000,"Diesel",5,0,90,1,2000,1135,6250,67
"618",144521,"Diesel",5,0,72,1,2000,1135,6900,59
"620",140168,"Diesel",3,0,72,1,2000,1115,7350,65
"621",140000,"Petrol",5,0,110,1,1600,1085,8950,68
"622",139800,"Diesel",3,0,72,0,2000,1115,6900,60
"623",137050,"CNG",3,0,110,1,1600,1078,8950,59
"624",136956,"Petrol",3,0,110,0,1600,1065,8750,61
"625",135337,"CNG",5,0,110,1,1600,1120,7950,67
"626",133769,"Diesel",3,0,72,1,2000,1120,8950,64
"630",130270,"Petrol",3,0,110,0,1600,1050,7750,60
"631",130000,"Diesel",4,0,72,1,2000,1135,7500,59
"632",127000,"Diesel",5,0,72,1,2000,1135,8950,67
"633",126800,"Diesel",5,0,72,0,2000,1135,9800,67
"634",126452,"Petrol",5,0,110,1,1600,1085,9450,66
"635",125175,"Diesel",5,0,116,0,2000,1150,8950,62
"636",125000,"Diesel",3,0,72,1,2000,1115,8750,68
"637",123000,"Diesel",5,0,72,0,2000,1135,10500,61
"639",120400,"Petrol",5,0,110,0,1600,1090,10450,64
"640",120000,"Diesel",4,0,72,0,2000,1100,9950,66
"641",119541,"Petrol",3,0,110,0,1600,1055,9950,68
"645",118000,"Diesel",5,0,72,1,2000,1150,9950,64
"646",117955,"Petrol",4,1,110,1,1600,1065,8600,68
"648",117000,"Diesel",3,0,72,0,2000,1115,6950,68
"649",116000,"Petrol",5,0,86,0,1300,1045,8000,64
"650",115715,"Petrol",5,0,110,0,1600,1070,9950,58
"651",115191,"CNG",4,0,110,1,1600,1079,9450,60
"655",114383,"Diesel",3,0,90,0,2000,1260,6950,65
"656",113700,"Petrol",5,0,110,1,1600,1065,8250,59
"657",113118,"Petrol",3,0,86,1,1300,1020,9950,67
"658",112827,"Petrol",5,0,86,1,1300,1040,8250,59
"660",112000,"Petrol",3,0,110,1,1600,1065,10500,66
"662",111769,"Petrol",3,0,110,0,1600,1065,9750,65
"663",110853,"Petrol",5,0,110,1,1600,1070,9250,61
"666",109230,"Petrol",3,0,110,0,1600,1050,7750,63
"667",109150,"Petrol",5,0,110,0,1600,1075,9500,68
"668",108793,"Petrol",4,0,110,1,1600,1035,9950,67
"670",105942,"Petrol",5,0,86,0,1300,1040,9750,58
"673",104299,"Petrol",5,0,110,1,1600,1085,8495,68
"674",104000,"Petrol",3,0,86,0,1300,1020,9250,67
"675",104000,"Petrol",3,0,86,1,1300,1015,6900,68
"677",103400,"Petrol",5,0,110,1,1600,1075,9500,63
"678",102807,"Petrol",5,0,86,0,1300,1055,9250,63
"680",102300,"Diesel",5,0,72,1,2000,1135,9950,57
"681",102106,"Petrol",3,0,110,0,1600,1050,7950,61
"682",101889,"Petrol",5,0,110,1,1600,1075,8750,68
"684",101469,"Petrol",3,0,110,1,1600,1065,8950,63
"685",101001,"Petrol",5,0,110,0,1600,1075,8950,68
"688",99781,"Petrol",5,0,110,1,1600,1085,9450,67
"690",98500,"Petrol",5,0,110,1,1600,1075,9250,65
"691",98291,"Petrol",4,0,86,0,1300,1000,8750,64
"694",97173,"Petrol",3,0,86,0,1300,1015,9900,65
"697",96000,"Diesel",4,0,72,0,2000,1100,12250,60
"699",95147,"Petrol",3,0,110,1,1600,1050,10250,61
"700",95000,"Petrol",3,0,110,0,1600,1050,8950,68
"701",95000,"Petrol",3,0,110,1,1600,1050,7999,65
"703",94504,"Petrol",4,0,86,1,1300,1000,8250,63
"705",93408,"Petrol",3,0,86,0,1300,1015,8450,65
"707",93098,"Petrol",5,0,110,1,1600,1075,10500,62
"708",92922,"Diesel",4,0,72,1,2000,1100,8500,67
"709",92498,"Petrol",3,0,110,1,1600,1050,9500,61
"710",92226,"Petrol",3,0,110,0,1600,1065,9450,65
"712",91333,"Petrol",3,0,110,1,1600,1050,8250,64
"713",91246,"Petrol",3,0,86,1,1300,1015,8750,65
"714",91000,"Petrol",5,0,110,1,1600,1075,9500,58
"716",90000,"Petrol",3,0,110,0,1600,1050,8490,62
"719",89000,"Petrol",5,0,110,1,1600,1085,9950,63
"720",88807,"Petrol",3,0,110,0,1600,1050,8500,68
"721",88685,"Petrol",5,0,110,0,1600,1070,8450,63
"722",88667,"Petrol",4,0,110,1,1600,1040,7900,62
"724",88127,"Petrol",3,0,86,0,1300,1015,7950,61
"725",88000,"Petrol",3,0,86,0,1300,1020,6900,62
"726",87821,"Petrol",3,0,86,1,1300,1015,8150,65
"727",87654,"Petrol",5,1,86,1,1300,1065,10995,59
"728",86888,"Petrol",3,0,110,1,1600,1050,8900,59
"730",86714,"Petrol",4,0,110,1,1600,1035,8950,68
"733",85000,"Petrol",3,0,86,1,1300,1025,10500,60
"734",84976,"Petrol",4,0,110,1,1600,1035,9250,68
"736",84549,"Petrol",5,0,110,0,1600,1075,10450,62
"737",84482,"Petrol",5,0,110,1,1600,1075,9250,68
"739",83560,"Petrol",3,0,86,0,1300,1015,8750,67
"740",83000,"Petrol",5,1,107,1,1600,1100,9800,68
"741",82723,"Petrol",3,0,86,0,1300,1015,8250,64
"743",82254,"Petrol",5,0,110,0,1600,1050,9750,58
"745",82000,"Petrol",3,0,86,1,1300,1015,7450,65
"747",81250,"Petrol",3,0,110,0,1600,1050,8250,66
"749",81170,"Petrol",4,0,110,1,1600,1040,8950,61
"750",81083,"Petrol",3,0,86,0,1300,1015,8750,66
"751",80714,"Petrol",5,0,110,1,1600,1075,10450,61
"753",80439,"Petrol",4,0,110,1,1600,1035,8450,65
"754",80430,"Petrol",3,0,110,1,1600,1065,9950,59
"755",80426,"Petrol",3,0,110,1,1600,1055,9950,68
"757",80153,"Petrol",5,0,110,0,1600,1070,9950,65
"758",80121,"Petrol",5,0,110,0,1600,1070,9500,68
"760",80000,"Petrol",5,0,110,0,1600,1075,10950,62
"762",80000,"Petrol",2,0,86,1,1300,1015,8250,65
"764",79762,"Petrol",3,0,86,1,1300,1015,9130,67
"765",79660,"Petrol",5,1,86,0,1300,1065,10950,59
"769",78750,"Diesel",5,0,90,1,1975,1155,10950,59
"770",78521,"Petrol",3,0,86,0,1300,1015,7950,68
"771",78356,"Petrol",3,0,86,1,1300,1015,7950,64
"773",78063,"Petrol",5,1,107,1,1600,1100,9500,61
"774",77821,"Petrol",5,0,110,1,1600,1075,10950,67
"775",77695,"Petrol",4,0,110,1,1600,1035,9750,68
"776",77500,"Petrol",3,0,110,1,1600,1050,9750,65
"777",77457,"Petrol",3,0,110,1,1600,1055,9450,63
"779",77008,"Petrol",3,0,86,1,1300,1015,8950,68
"780",76791,"Petrol",5,0,110,1,1600,1070,8900,66
"783",76162,"Petrol",5,0,110,1,1600,1075,8950,59
"784",76155,"Petrol",4,0,110,1,1600,1035,8990,65
"785",75609,"Petrol",3,0,86,1,1300,1015,8950,61
"788",75000,"Petrol",5,0,110,1,1600,1075,9900,68
"789",75000,"Petrol",3,0,86,0,1300,1015,8950,65
"792",74889,"Petrol",3,0,86,1,1300,1015,7950,68
"793",74875,"Petrol",5,0,110,0,1600,1070,7750,68
"794",74747,"Petrol",5,0,110,1,1600,1075,8950,63
"795",74720,"Petrol",5,0,110,1,1600,1085,11950,60
"796",74457,"Petrol",5,0,110,0,1600,1075,8950,62
"797",74337,"Petrol",5,0,86,0,1300,1035,11950,60
"800",74179,"Petrol",3,0,110,1,1600,1050,8250,65
"801",73936,"Petrol",5,0,86,1,1300,1050,8995,67
"802",73894,"Petrol",3,0,110,1,1600,1065,9995,61
"803",73500,"Petrol",3,0,110,1,1600,1050,9250,64
"804",73376,"Petrol",5,0,110,0,1600,1070,10950,64
"807",72928,"Petrol",5,0,110,1,1600,1075,9950,58
"809",72522,"Petrol",3,0,110,1,1600,1050,8250,63
"810",72000,"Petrol",3,0,86,1,1300,1015,9450,64
"811",72000,"Petrol",3,0,86,0,1300,1015,7950,57
"813",71317,"Petrol",3,0,110,0,1600,1050,8950,65
"814",71000,"Petrol",5,0,110,0,1600,1070,10950,62
"815",70954,"Petrol",3,0,110,0,1600,1050,8950,60
"816",70908,"Petrol",5,0,86,0,1300,1035,9450,63
"817",70560,"Petrol",3,0,110,1,1600,1050,8000,58
"818",70552,"Petrol",5,0,110,0,1600,1075,9900,67
"820",70453,"Diesel",5,0,72,0,2000,1135,10900,60
"821",70218,"Petrol",3,0,110,1,1600,1050,9450,59
"823",70068,"Petrol",5,0,110,1,1600,1075,9500,65
"824",70000,"Petrol",3,1,107,1,1587,1065,10500,67
"826",69103,"Petrol",4,0,110,0,1600,1035,9750,68
"827",69022,"Petrol",5,0,86,1,1300,1035,6950,58
"828",69000,"Petrol",3,0,110,1,1600,1065,9650,67
"829",68865,"Petrol",3,0,110,1,1600,1065,9950,68
"831",68453,"Petrol",5,0,110,1,1600,1070,8950,63
"832",68238,"Petrol",5,0,86,0,1300,1050,9900,63
"834",68000,"Petrol",5,0,110,0,1600,1075,10500,65
"837",67146,"Petrol",5,0,110,1,1600,1075,10950,68
"840",67003,"Petrol",4,0,110,1,1600,1035,10500,65
"841",66785,"Petrol",3,1,86,0,1300,1045,10400,68
"842",66550,"Petrol",3,0,86,0,1332,1010,8800,68
"843",66259,"Petrol",3,0,110,1,1600,1065,10500,61
"845",66000,"Petrol",3,0,86,1,1300,1015,7800,65
"846",66000,"Petrol",3,0,110,0,1600,1050,9950,61
"848",65785,"Petrol",5,0,110,1,1600,1075,10950,67
"849",65513,"Petrol",4,1,110,1,1600,1070,9950,65
"850",65463,"Petrol",5,0,110,1,1600,1070,9950,59
"852",65259,"Petrol",3,0,110,1,1600,1050,9250,60
"854",65000,"Petrol",5,0,110,0,1600,1070,9000,68
"855",65000,"Petrol",4,0,110,0,1600,1035,8950,57
"857",64950,"Petrol",5,0,110,1,1600,1075,9950,68
"858",64914,"Petrol",5,0,110,1,1600,1070,8500,60
"859",64797,"Petrol",5,0,110,1,1600,1075,7995,62
"860",64772,"Petrol",3,0,110,1,1600,1050,8750,65
"861",64690,"Petrol",3,0,86,0,1300,1020,9750,63
"862",64630,"Petrol",5,0,110,0,1600,1070,10950,65
"863",64613,"Petrol",5,0,110,1,1600,1085,9750,67
"866",63881,"Petrol",3,0,86,0,1300,1015,9500,66
"867",63870,"Diesel",5,0,72,0,2000,1135,10950,58
"868",63328,"Petrol",5,1,86,0,1300,1065,9750,66
"870",63000,"Petrol",3,1,86,0,1300,1050,10450,61
"871",62396,"Petrol",3,0,110,0,1600,1050,9850,65
"872",62377,"Petrol",5,0,110,1,1600,1075,9450,62
"873",62316,"Petrol",3,0,110,1,1600,1050,10295,67
"874",62292,"Petrol",3,0,110,1,1600,1065,9750,68
"875",62225,"Petrol",3,0,110,1,1600,1050,8950,65
"876",62222,"Petrol",5,0,110,0,1600,1075,9900,68
"877",62135,"Petrol",5,0,86,1,1300,1035,8750,66
"878",62024,"Petrol",5,0,110,1,1600,1075,9950,58
"879",61977,"Petrol",3,0,86,1,1300,1015,8500,60
"880",61930,"Petrol",4,0,110,1,1600,1035,9950,62
"882",61568,"Petrol",4,0,110,1,1600,1035,9795,68
"883",61504,"Petrol",4,0,110,1,1600,1035,8750,68
"885",61343,"Petrol",5,0,110,1,1600,1075,9950,58
"888",61149,"Petrol",5,0,86,1,1300,1040,9750,62
"890",61127,"Petrol",3,0,110,1,1600,1050,8900,59
"891",61100,"Petrol",3,0,86,1,1300,1015,7950,60
"893",61000,"Petrol",3,0,110,1,1600,1050,9450,57
"895",60708,"Petrol",5,0,86,1,1300,1045,10995,59
"896",60532,"Petrol",3,0,110,1,1600,1050,8950,61
"897",60000,"Petrol",4,1,86,0,1300,1030,8250,67
"898",60000,"Petrol",3,0,86,1,1300,1015,8950,66
"902",59000,"Petrol",3,0,110,0,1600,1050,8950,63
"903",59000,"Petrol",5,0,86,1,1300,1035,9950,63
"905",59000,"Petrol",5,0,110,1,1600,1070,9450,61
"906",59000,"Petrol",3,0,110,0,1600,1050,9950,65
"907",58860,"Petrol",3,0,110,1,1600,1055,9750,68
"909",58654,"Petrol",5,0,110,1,1600,1070,8250,66
"910",58300,"Petrol",3,0,86,1,1300,1015,7750,65
"911",58269,"Petrol",3,0,110,1,1600,1050,8950,60
"912",58136,"Petrol",5,0,110,1,1600,1075,9950,64
"913",58113,"Petrol",3,1,107,1,1600,1085,9450,66
"914",58058,"Petrol",3,0,110,1,1600,1065,12950,67
"915",58000,"Petrol",3,0,110,1,1600,1050,9950,58
"917",57565,"Petrol",5,0,86,1,1300,1035,7950,68
"920",57179,"Petrol",5,0,110,1,1600,1075,9900,62
"921",57169,"Petrol",3,0,110,1,1600,1065,9995,61
"922",57124,"Petrol",3,0,110,1,1600,1065,9950,63
"923",57000,"Petrol",3,0,110,1,1600,1050,9950,63
"924",57000,"Petrol",3,0,110,0,1600,1050,8250,67
"925",57000,"Petrol",5,0,86,1,1300,1035,9950,63
"926",56259,"Petrol",3,0,86,0,1300,1015,8950,59
"927",56209,"Petrol",3,1,107,1,1600,1080,10950,62
"929",55942,"Petrol",5,0,110,1,1600,1070,9950,63
"930",55844,"Petrol",5,0,86,1,1300,1045,9995,57
"931",55747,"Petrol",3,0,86,0,1300,1020,8750,61
"932",55478,"Petrol",5,0,86,0,1300,1045,10950,58
"933",55085,"Petrol",5,1,107,0,1600,1105,10350,60
"935",55000,"Petrol",3,0,86,1,1300,1015,8950,65
"939",54847,"Petrol",3,0,110,0,1600,1050,8900,67
"940",54554,"Petrol",3,0,110,1,1600,1065,10250,60
"942",54000,"Petrol",3,0,110,1,1600,1055,9250,61
"944",54000,"Petrol",5,0,86,0,1300,1035,7350,58
"945",54000,"Petrol",3,0,110,1,1600,1135,10250,57
"948",53000,"Petrol",3,1,110,1,1587,1075,8950,68
"950",52968,"Petrol",3,0,110,1,1600,1050,9500,64
"951",52800,"Petrol",3,0,86,1,1300,1015,8450,67
"952",52548,"Petrol",3,0,110,0,1600,1050,8950,57
"953",52487,"Petrol",4,0,110,1,1600,1035,8400,60
"955",52112,"Petrol",4,0,110,1,1600,1035,8900,61
"957",51421,"Petrol",5,1,110,0,1600,1105,10950,58
"958",51235,"Petrol",4,0,86,1,1300,1000,8950,61
"960",50925,"Petrol",5,0,110,1,1600,1070,8895,61
"961",50806,"Petrol",3,0,86,0,1300,1480,9390,66
"962",50469,"Petrol",5,0,110,1,1600,1070,8750,59
"963",50173,"Petrol",5,0,110,1,1600,1075,9750,61
"964",50000,"Petrol",5,0,110,1,1600,1075,9950,62
"966",49585,"Petrol",5,0,110,0,1600,1085,9900,67
"967",49258,"Petrol",4,0,110,1,1600,1035,9500,62
"968",49000,"Petrol",3,0,110,0,1600,1050,9950,61
"971",47612,"Petrol",3,0,86,0,1300,1015,9950,63
"972",47500,"Petrol",5,0,86,1,1300,1035,10495,68
"974",47171,"Petrol",3,0,86,1,1300,1015,8500,58
"976",47014,"Petrol",3,0,86,1,1300,1015,8950,65
"979",45681,"Petrol",3,0,110,0,1600,1050,8745,65
"980",45549,"Petrol",3,0,86,1,1300,1015,8750,65
"983",45000,"Petrol",5,0,110,0,1600,1075,8850,65
"984",45000,"Petrol",5,0,86,1,1300,1035,7950,66
"985",45000,"Petrol",4,0,110,1,1600,1035,9450,63
"986",45000,"Petrol",3,1,107,0,1600,1085,9950,61
"988",44597,"Petrol",3,0,86,0,1300,1015,9950,61
"989",44458,"Petrol",3,0,86,0,1300,1015,9995,68
"991",43426,"Petrol",5,0,110,1,1600,1070,10495,60
"992",43000,"CNG",4,1,110,1,1600,1114,7950,58
"993",43000,"Petrol",5,0,110,1,1600,1035,8950,68
"995",43000,"Petrol",3,0,86,0,1300,1015,7750,64
"996",42750,"Petrol",3,0,110,1,1600,1050,9950,68
"997",42102,"Petrol",5,0,110,1,1600,1075,9950,67
"998",41586,"Petrol",5,0,110,1,1600,1114,9950,63
"999",41200,"Petrol",5,0,110,0,1600,1070,9900,64
"1001",40000,"Petrol",4,0,86,1,1300,1000,8950,60
"1002",39222,"Petrol",3,1,86,1,1300,1045,8950,66
"1006",37759,"Petrol",5,0,110,1,1600,1070,9750,68
"1007",37500,"Petrol",5,0,110,0,1600,1085,10950,61
"1009",37000,"Petrol",3,0,86,0,1300,1015,9750,62
"1011",36943,"Petrol",5,0,110,0,1600,1070,9500,60
"1012",36923,"Petrol",5,0,86,0,1300,1050,9950,63
"1013",36658,"Petrol",3,0,110,0,1600,1050,9950,66
"1014",36000,"Petrol",3,0,86,1,1300,1015,8250,65
"1015",36000,"Petrol",3,0,110,1,1600,1065,10450,65
"1016",35512,"Petrol",3,0,110,1,1600,1065,10950,62
"1018",35000,"Petrol",3,0,110,1,1600,1050,8900,68
"1019",35000,"Petrol",5,0,86,1,1300,1045,10900,57
"1020",34114,"Petrol",3,0,110,0,1600,1050,9750,64
"1021",34000,"Petrol",5,0,110,0,1600,1075,11950,58
"1022",33847,"Petrol",4,0,86,1,1300,1000,7900,68
"1024",33000,"Petrol",3,0,110,0,1600,1050,10450,65
"1025",32150,"Petrol",5,0,110,1,1600,1085,10950,59
"1026",31588,"Petrol",3,0,86,1,1300,1015,9950,65
"1029",31000,"Petrol",4,0,110,1,1600,1035,10750,68
"1030",30634,"Petrol",5,0,110,1,1600,1075,10450,58
"1031",30300,"Petrol",4,0,86,1,1300,1000,9450,68
"1032",28500,"Petrol",3,1,86,1,1300,1045,10750,60
"1033",28500,"Petrol",5,0,110,0,1600,1075,10950,60
"1034",28000,"Petrol",3,0,86,0,1300,1015,10000,57
"1035",26698,"Petrol",3,0,110,0,1600,1055,10500,68
"1036",26000,"Petrol",3,1,107,0,1600,1085,12500,62
"1037",25505,"Petrol",5,0,86,1,1300,1035,8950,62
"1039",22835,"Petrol",3,0,110,1,1600,1050,9245,66
"1040",22705,"Petrol",5,0,110,1,1600,1075,10950,59
"1041",22178,"Petrol",3,0,86,1,1300,1015,9500,63
"1042",17345,"Petrol",3,0,110,1,1600,1050,10900,62
"1043",15535,"Petrol",4,1,86,1,1300,1030,10950,67
"1046",218118,"Diesel",5,0,72,0,2000,1150,6950,79
"1047",217764,"Diesel",5,0,72,1,2000,1135,6000,78
"1048",207114,"CNG",5,0,110,1,1600,1114,5250,79
"1049",203254,"Diesel",3,0,72,1,2000,1135,4400,74
"1051",197501,"Diesel",5,0,72,0,2000,1135,8500,69
"1053",191620,"Diesel",5,0,72,0,2000,1150,6950,76
"1054",183277,"Diesel",3,0,72,0,2000,1115,5750,76
"1056",178800,"Diesel",3,0,72,0,2000,1115,6500,70
"1058",176000,"Petrol",5,0,86,0,1300,1035,6500,78
"1059",172980,"Diesel",5,0,72,1,2000,1135,10500,77
"1060",170000,"Diesel",4,0,72,0,2000,1100,8500,77
"1061",164000,"Petrol",3,0,110,1,1600,1050,7950,71
"1066",158492,"Petrol",3,0,86,0,1300,1015,6550,73
"1068",156169,"Petrol",5,0,86,1,1300,1035,6750,73
"1069",155210,"Petrol",3,0,110,0,1600,1050,7950,78
"1070",155000,"Diesel",3,0,72,0,2000,1115,7950,69
"1072",151300,"Diesel",5,0,72,1,2000,1150,7750,70
"1073",151000,"CNG",5,0,110,1,1600,1094,6450,71
"1074",150000,"Diesel",3,0,72,1,2000,1135,7900,75
"1076",146197,"Petrol",3,0,86,0,1300,1015,5600,75
"1077",145996,"Petrol",4,0,110,0,1600,1035,5950,77
"1079",139145,"Diesel",2,0,73,0,2000,1115,7950,71
"1080",138500,"Petrol",5,0,86,0,1300,1050,8950,79
"1082",137178,"Diesel",5,0,90,1,2000,1135,9500,80
"1083",134889,"Diesel",3,0,72,1,2000,1115,8600,76
"1086",131500,"Diesel",5,0,72,0,2000,1140,7950,79
"1087",131307,"Petrol",3,0,110,1,1600,1050,6950,77
"1088",130025,"Petrol",3,0,110,1,1600,1050,7250,74
"1093",127159,"Diesel",3,0,72,1,2000,1115,7250,71
"1094",126478,"Petrol",4,0,110,1,1600,1035,5250,72
"1095",126000,"Petrol",5,0,110,1,1600,1050,7900,77
"1096",125778,"Petrol",3,0,110,0,1600,1050,6900,76
"1098",124910,"Diesel",5,0,72,0,2000,1135,7250,74
"1099",124743,"Petrol",3,0,110,1,1600,1050,8450,70
"1100",124591,"Petrol",5,0,110,1,1600,1075,7950,76
"1101",124057,"Petrol",3,0,110,1,1600,1050,7950,74
"1103",123104,"Petrol",5,0,110,1,1600,1070,6650,75
"1104",123077,"Petrol",3,0,86,1,1300,1015,7950,74
"1105",122820,"Petrol",5,0,86,0,1300,1040,7250,80
"1106",122290,"Petrol",3,0,110,0,1600,1050,7450,77
"1107",121900,"Petrol",4,0,110,1,1600,1035,7950,74
"1108",121545,"Petrol",5,0,110,1,1600,1070,7250,77
"1109",120474,"Diesel",3,0,72,1,2000,1115,8250,71
"1112",120000,"Petrol",5,0,110,0,1600,1085,8500,71
"1114",115877,"Petrol",4,0,110,0,1600,1035,5750,73
"1117",115000,"Petrol",5,1,107,1,1600,1100,6500,78
"1118",114258,"Petrol",5,0,86,1,1300,1050,7600,77
"1120",112307,"Petrol",5,0,110,1,1600,1070,7450,74
"1121",112000,"Petrol",3,0,86,1,1300,1015,7350,72
"1125",110887,"Petrol",3,0,110,1,1600,1055,7250,80
"1126",110634,"Petrol",3,0,86,1,1300,1015,6500,72
"1127",110000,"Petrol",4,0,110,1,1600,1035,6800,80
"1128",109540,"Petrol",5,0,110,0,1600,1085,8700,75
"1129",109263,"Petrol",5,0,110,0,1600,1070,7500,78
"1130",107516,"Petrol",3,0,110,1,1600,1050,7750,71
"1131",107108,"Petrol",3,0,110,1,1600,1050,7950,73
"1132",107000,"Petrol",3,0,110,1,1600,1050,9950,75
"1134",106150,"Petrol",3,0,86,0,1300,1015,8750,71
"1137",105152,"Petrol",3,0,86,0,1300,1015,6750,77
"1138",105135,"Petrol",3,0,110,1,1600,1050,6500,80
"1139",104344,"Petrol",3,0,110,1,1600,1050,8750,76
"1140",104150,"Petrol",3,0,110,1,1600,1050,7950,74
"1141",104000,"Petrol",3,0,86,1,1300,1010,6750,74
"1142",103121,"Petrol",5,0,86,1,1300,1035,7950,73
"1146",101855,"Petrol",5,0,110,1,1600,1070,6450,75
"1147",101773,"Petrol",3,0,110,0,1600,1050,6900,74
"1148",101159,"Petrol",5,0,110,1,1600,1085,8450,75
"1149",101000,"Petrol",3,0,86,0,1300,1015,6750,74
"1151",100719,"Petrol",5,0,110,0,1600,1070,9500,79
"1152",100487,"Petrol",4,0,110,0,1600,1035,7750,78
"1153",100458,"Petrol",5,0,110,0,1600,1085,8500,80
"1154",100192,"Petrol",3,0,110,1,1600,1050,7795,75
"1156",99971,"Petrol",3,0,110,1,1600,1050,7950,73
"1159",99245,"Petrol",5,0,110,1,1600,1114,6950,72
"1161",98154,"Petrol",3,0,110,1,1600,1050,8450,71
"1163",97548,"Petrol",5,0,86,0,1300,1035,7950,80
"1165",97494,"Petrol",5,0,110,1,1600,1085,8950,73
"1166",97085,"Petrol",5,0,110,1,1600,1085,8900,73
"1167",97000,"Petrol",4,0,110,0,1600,1035,7950,69
"1169",96000,"Petrol",3,0,86,1,1300,1015,7250,78
"1170",96000,"Petrol",5,0,110,1,1600,1085,9250,74
"1172",95700,"Petrol",5,0,110,0,1600,1085,6990,79
"1173",95651,"Petrol",5,0,110,1,1600,1070,7750,78
"1174",95000,"Petrol",5,0,86,1,1300,1035,6950,79
"1175",94447,"Petrol",3,0,110,0,1600,1050,7250,80
"1176",94079,"Petrol",5,0,110,1,1600,1085,9950,80
"1177",93841,"Petrol",5,0,110,0,1600,1070,9250,80
"1179",93066,"Petrol",5,0,110,1,1600,1075,8250,72
"1181",93000,"Petrol",5,0,110,1,1600,1075,8250,77
"1182",92830,"Petrol",3,0,86,1,1300,1015,6250,80
"1183",92255,"Petrol",5,1,107,0,1600,1105,9900,80
"1184",92096,"Petrol",5,0,86,1,1300,1035,7300,80
"1185",91921,"Petrol",3,0,86,1,1300,1020,8950,72
"1186",91900,"Petrol",3,0,86,1,1300,1015,6500,70
"1188",91082,"Petrol",3,0,110,1,1600,1050,7450,75
"1189",90370,"Petrol",5,0,86,1,1300,1035,7950,71
"1190",90345,"Petrol",5,0,86,1,1300,1035,8500,78
"1192",90011,"Petrol",3,1,86,0,1300,1045,7950,78
"1193",90000,"Petrol",3,0,86,1,1300,1015,6750,77
"1195",89953,"Petrol",5,0,110,0,1600,1114,7500,78
"1196",89800,"Diesel",3,0,72,1,2000,1115,8750,74
"1197",89739,"Petrol",5,0,86,1,1300,1035,8750,79
"1198",89520,"Petrol",3,0,110,1,1600,1050,8950,76
"1199",89507,"Petrol",3,0,86,0,1300,1015,7450,75
"1201",88700,"Petrol",3,0,110,1,1600,1050,8950,74
"1202",88500,"Petrol",5,0,110,1,1600,1075,7850,72
"1203",88186,"Diesel",3,0,72,1,2000,1115,6950,73
"1204",88000,"Petrol",3,0,110,1,1600,1050,7200,75
"1207",87358,"Petrol",3,0,110,1,1600,1050,7500,73
"1209",87000,"Petrol",4,0,110,1,1600,1035,7950,70
"1211",87000,"Petrol",3,0,86,1,1300,1015,7950,73
"1213",86860,"Petrol",5,0,110,0,1600,1075,8250,72
"1214",86109,"Petrol",3,0,110,1,1600,1055,6750,80
"1215",86000,"Petrol",5,0,86,1,1300,1040,8750,79
"1217",85864,"Diesel",5,0,72,1,2000,1135,8500,70
"1219",85470,"Petrol",3,1,107,0,1600,1080,9450,70
"1220",85200,"Petrol",3,0,110,1,1600,1050,7950,73
"1221",85000,"Petrol",3,0,110,1,1600,1055,7900,70
"1222",84988,"Petrol",3,0,110,1,1600,1050,8500,73
"1223",84966,"Petrol",5,0,110,0,1600,1070,8250,79
"1226",84123,"Petrol",3,0,110,0,1600,1050,7950,74
"1228",84000,"Petrol",5,0,110,1,1600,1065,7250,78
"1229",84000,"Petrol",5,0,110,1,1600,1085,7750,77
"1230",83850,"Petrol",3,0,110,1,1600,1055,8700,75
"1236",82700,"Petrol",3,0,110,0,1600,1050,7950,71
"1237",82675,"Petrol",3,0,86,0,1300,1015,7450,78
"1239",82256,"Petrol",3,0,110,1,1600,1050,7750,75
"1240",82103,"Petrol",3,0,86,1,1300,1015,6950,77
"1242",82000,"Petrol",5,0,110,1,1600,1075,8950,71
"1243",81988,"Petrol",5,0,110,1,1600,1070,7495,79
"1245",81663,"Petrol",3,0,110,0,1600,1050,6950,70
"1246",80486,"Petrol",5,0,110,1,1600,1070,7990,77
"1247",80000,"Petrol",4,0,110,1,1600,1065,7250,78
"1249",78894,"Petrol",5,0,110,0,1600,1070,7750,74
"1250",78689,"Petrol",4,0,110,0,1600,1035,7250,78
"1251",78435,"Petrol",3,0,86,0,1300,1015,8950,77
"1252",78260,"Petrol",3,0,110,0,1600,1050,8500,71
"1253",78120,"Petrol",5,0,110,1,1600,1075,7950,72
"1254",77000,"Petrol",3,0,86,0,1300,1015,6950,77
"1255",77000,"Petrol",3,0,110,0,1600,1050,8000,78
"1256",76382,"Petrol",3,0,110,1,1600,1055,7950,75
"1257",76268,"Petrol",3,0,86,1,1300,1015,8500,76
"1258",76151,"Petrol",3,0,86,1,1300,1015,7490,73
"1259",76000,"Petrol",3,0,110,0,1600,1050,8250,80
"1261",75840,"Petrol",5,0,86,0,1300,1035,7950,72
"1262",75799,"Petrol",3,0,110,1,1600,1050,9500,77
"1264",75323,"Petrol",5,0,86,1,1300,1050,8450,78
"1265",75322,"Petrol",4,0,110,1,1600,1115,7995,79
"1266",75226,"Petrol",4,0,110,0,1600,1035,8750,78
"1267",75085,"Petrol",5,0,86,0,1300,1035,5950,71
"1268",75000,"Petrol",5,0,110,0,1600,1075,8500,73
"1269",75000,"Petrol",4,0,86,1,1300,1000,8950,69
"1270",75000,"Petrol",4,0,86,1,1300,1000,8750,69
"1271",74926,"Petrol",5,0,110,1,1600,1075,7600,78
"1272",74785,"Petrol",5,0,110,1,1600,1070,7145,80
"1273",74573,"Petrol",5,0,110,1,1600,1085,8450,69
"1274",74567,"Petrol",3,0,86,1,1300,1015,5950,75
"1275",74196,"Petrol",5,0,110,0,1600,1075,9000,80
"1276",74151,"Petrol",3,0,110,1,1600,1050,7250,80
"1277",74096,"Petrol",3,0,110,1,1600,1050,7400,75
"1279",74000,"Petrol",3,0,110,0,1600,1050,7750,71
"1280",74000,"Petrol",3,0,86,1,1300,1015,7500,75
"1282",73460,"Petrol",5,0,110,1,1600,1070,7400,75
"1284",73116,"Petrol",5,0,110,1,1600,1075,8950,76
"1287",72328,"Petrol",5,0,110,1,1600,1075,7950,79
"1288",72222,"Petrol",5,0,110,1,1600,1070,7950,78
"1290",72090,"Petrol",5,0,110,1,1600,1070,7750,78
"1291",72000,"Petrol",4,0,110,1,1600,1035,8250,78
"1293",71900,"Petrol",3,0,86,1,1300,1015,7750,77
"1295",71740,"Petrol",5,0,110,1,1600,1070,6950,80
"1296",71500,"Petrol",4,0,110,1,1600,1035,7500,80
"1297",71359,"Petrol",3,0,110,1,1600,1050,7750,79
"1298",71263,"Petrol",3,0,86,0,1300,1015,5950,79
"1299",71186,"Petrol",3,0,110,0,1600,1050,7500,78
"1300",71054,"Petrol",3,1,86,0,1300,1045,8950,72
"1302",70939,"Petrol",5,1,110,1,1600,1100,6900,80
"1305",70482,"Petrol",5,0,110,1,1600,1075,7500,73
"1306",70124,"Petrol",3,0,110,1,1600,1050,8750,77
"1307",70039,"Petrol",3,0,110,1,1600,1050,7500,76
"1308",69904,"Petrol",5,0,110,0,1600,1070,9950,80
"1310",69320,"Petrol",5,0,110,1,1600,1070,9950,75
"1311",69000,"Petrol",5,0,110,1,1600,1075,9250,78
"1313",68945,"Petrol",5,0,110,1,1600,1085,9950,79
"1314",68285,"Petrol",3,0,110,1,1600,1050,5950,74
"1317",67451,"Petrol",4,0,86,1,1300,1000,7450,75
"1318",67266,"Petrol",5,0,86,1,1300,1035,8250,76
"1319",67255,"Petrol",5,0,110,0,1600,1085,8500,78
"1320",67100,"Petrol",5,0,110,1,1600,1075,8500,70
"1321",67092,"Diesel",3,0,72,1,2000,1115,9400,69
"1322",66880,"Petrol",3,0,110,1,1600,1055,7250,80
"1323",66855,"Petrol",5,0,110,1,1600,1075,8950,79
"1324",66843,"Petrol",5,0,110,1,1600,1075,9450,80
"1325",66718,"Petrol",3,0,110,1,1600,1050,8500,74
"1327",65950,"Petrol",5,0,110,0,1600,1070,7400,80
"1328",65500,"Petrol",3,0,86,1,1300,1015,8950,78
"1330",65254,"Petrol",3,0,86,1,1300,1015,7750,79
"1331",65021,"Diesel",3,0,72,1,2000,1115,8950,71
"1333",64280,"Petrol",4,0,110,0,1600,1035,8495,77
"1334",64000,"Petrol",3,1,107,0,1600,1085,10000,75
"1335",64000,"Petrol",5,0,110,1,1600,1070,6999,71
"1336",64000,"Petrol",3,0,110,0,1600,1055,8950,80
"1340",63266,"Petrol",4,0,110,1,1600,1035,9000,80
"1341",62595,"Petrol",3,0,110,1,1600,1050,8950,77
"1342",62581,"Petrol",5,0,110,0,1600,1075,6950,80
"1343",62285,"Petrol",5,0,110,1,1600,1075,8500,77
"1345",61700,"Petrol",5,0,110,0,1600,1070,8950,74
"1346",61648,"Petrol",5,0,110,1,1600,1070,8250,77
"1348",61510,"Petrol",4,0,110,0,1600,1035,7450,70
"1349",61165,"Petrol",3,1,107,1,1600,1080,9000,79
"1353",60483,"Petrol",5,0,110,1,1600,1075,8500,72
"1354",60476,"Petrol",5,0,110,1,1600,1114,8250,80
"1355",60142,"Petrol",3,0,110,0,1600,1050,9450,79
"1357",60000,"Petrol",3,0,110,1,1600,1050,8400,77
"1358",60000,"Petrol",3,0,110,0,1600,1050,7900,76
"1360",59326,"Petrol",5,0,110,1,1600,1085,8750,80
"1361",59240,"Petrol",3,0,110,1,1600,1050,9900,73
"1362",59164,"Petrol",4,0,110,0,1600,1035,6495,71
"1363",59017,"Petrol",3,1,107,1,1600,1080,8250,70
"1365",58454,"Petrol",3,0,86,1,1300,1015,7500,74
"1369",57829,"Petrol",3,0,110,0,1600,1050,9750,70
"1370",57787,"Petrol",3,0,86,0,1300,1015,8250,80
"1372",57537,"Petrol",5,0,86,1,1300,1050,8950,75
"1373",57263,"Petrol",3,0,110,1,1600,1050,6750,76
"1374",57144,"Petrol",5,0,110,1,1600,1070,7950,75
"1377",56566,"Petrol",3,0,110,1,1600,1050,7800,73
"1378",56307,"Petrol",3,0,110,1,1600,1050,8750,73
"1379",56214,"Petrol",3,0,86,0,1300,1015,9500,79
"1380",56132,"Petrol",4,0,110,0,1600,1035,7750,74
"1382",54439,"Petrol",3,0,86,1,1300,1015,7750,77
"1383",53809,"Petrol",3,0,110,1,1600,1050,5950,69
"1384",53133,"Petrol",5,0,110,1,1600,1070,10950,76
"1387",52320,"Petrol",5,0,110,0,1600,1070,9750,69
"1388",52287,"Petrol",5,0,110,0,1600,1114,7450,78
"1389",52000,"Petrol",5,0,110,0,1600,1075,8750,75
"1390",52000,"Petrol",3,0,110,1,1600,1050,8750,69
"1391",52000,"Petrol",4,1,110,1,1600,1065,8500,73
"1393",49827,"Petrol",5,0,86,1,1300,1035,7500,79
"1394",49640,"Petrol",4,0,110,1,1600,1035,7250,69
"1395",49580,"Petrol",4,0,110,1,1600,1035,7450,80
"1396",49170,"Petrol",3,0,86,0,1300,1045,8750,76
"1397",48838,"Petrol",3,0,110,0,1600,1055,9800,77
"1399",48400,"Petrol",5,0,110,1,1600,1075,8950,75
"1400",48242,"Petrol",5,0,86,1,1300,1035,8950,74
"1401",47955,"Petrol",5,0,110,1,1600,1070,7450,70
"1402",47633,"Petrol",5,0,110,1,1600,1075,8950,71
"1403",47400,"Petrol",5,0,86,1,1300,1040,10500,78
"1404",47360,"Petrol",3,0,86,0,1300,1010,7000,73
"1405",45507,"Petrol",3,0,110,1,1600,1050,8500,77
"1407",44850,"Petrol",3,0,110,1,1600,1050,8950,70
"1408",44826,"Petrol",5,0,110,0,1600,1075,8250,69
"1409",44444,"Petrol",3,0,110,1,1600,1050,9250,80
"1410",43720,"Petrol",5,0,110,1,1600,1070,7900,75
"1411",43622,"Petrol",4,0,86,1,1300,1000,8500,78
"1413",42800,"Petrol",3,0,110,1,1600,1050,9950,69
"1414",42317,"Petrol",5,1,107,1,1600,1100,8750,74
"1415",42186,"Petrol",3,0,110,1,1600,1050,7500,80
"1417",40093,"Petrol",5,0,110,0,1600,1114,8950,79
"1418",39800,"Petrol",3,1,107,0,1600,1080,8750,79
"1419",39168,"Petrol",3,0,86,0,1300,1015,7750,73
"1420",38945,"Petrol",3,0,110,1,1600,1050,8450,75
"1421",36537,"Petrol",4,1,110,0,1600,1075,8150,76
"1424",35821,"Petrol",3,1,86,0,1300,1015,7950,80
"1429",26000,"Petrol",3,0,86,0,1300,1015,8450,72
"1432",20544,"Petrol",3,0,86,1,1300,1025,7500,69
"1433",19000,"Petrol",3,0,86,0,1300,1015,10845,72
"1435",16916,"Petrol",3,0,86,1,1300,1015,7250,70